Workbook

Sheet DASHBOARD
B2: DASHBOARD PROGRESS AKREDITASI SMP AL-WILDAN ISLAMIC SCHOOL 1 GADING SERPONG
B3: RAKAPITULASI TIMELINE, KELENGKAPAN DOKUMENT DAN BEBAN PIC
C13: DASHBOARD
L14: SMP AL WILDAN ISLAMIC SCHOOL
L15: GADING SERPONG
C20: Total Kegiatan | E20: Kegiatan Selesai | G20: Sedang Berjalan | I20: Terlambat
C21: =COUNTA('MASTER PLAN'!D7:D203) -> 31 | E21: =COUNTIF('MASTER PLAN'!L7:L203,"Selesai") -> 0 | G21: =COUNTIF('MASTER PLAN'!L7:L203,"Berjalan") -> 1 | I21: =COUNTIF('MASTER PLAN'!L7:L203,"Terlambat") -> 0
C23: Total Dokumen | E23: Dokumen Lengkap | G23: Perlu Revisi | I23: Progress Dokumen
C24: =COUNTA('CHECKLIST DOK'!C8:C204) -> 60 | E24: =COUNTIF('CHECKLIST DOK'!H8:H204,"Lengkap") -> 0 | G24: =COUNTIF('CHECKLIST DOK'!H8:H204,"Perlu Revisi") -> 0 | I24: =IF(C24=0,0,E24/C24) -> 0
C26: Ringkasan Status Kegiatan | E26: Ringkasan Dokumen per Komponen | I26: KOORDINATOR KOMPENEN AKREDITAS
C27: Status | D27: Jumlah | E27: Komponen | G27: Total | H27: Lengkap | I27: NAMA KOORDINATOR | J27: BIDANG | K27: JUMLAH DOKUMENT | L27: NAMA KOORDINATOR | M27: BIDANG | N27: JUMLAH DOKUMENT
C28: Belum Mulai | D28: =COUNTIF('MASTER PLAN'!L7:L203,"Belum Mulai") -> 30 | E28: Komponen 1 - Kinerja Pendidik | G28: =COUNTIF('CHECKLIST DOK'!C:C,E28) -> 19 | H28: =COUNTIFS('CHECKLIST DOK'!C:C,E28,'CHECKLIST DOK'!H:H,"Lengkap") -> 0 | I28: Anggi Rivana, M.Pd | L28: Elsa Utari Febriani, S.Psi
C29: Berjalan | D29: =COUNTIF('MASTER PLAN'!L7:L203,"Berjalan") -> 1 | E29: Komponen 2 - Kepemimpinan Kepala Sekolah | G29: =COUNTIF('CHECKLIST DOK'!C:C,E29) -> 21 | H29: =COUNTIFS('CHECKLIST DOK'!C:C,E29,'CHECKLIST DOK'!H:H,"Lengkap") -> 0 | I29: Salvira Nuryunda Setiadi, S.Psi | L29: Yeni Fitriani, S.Pd., Gr
C30: Selesai | D30: =COUNTIF('MASTER PLAN'!L7:L203,"Selesai") -> 0 | E30: Komponen 3 - Iklim Lingkungan Belajar | G30: =COUNTIF('CHECKLIST DOK'!C:C,E30) -> 19 | H30: =COUNTIFS('CHECKLIST DOK'!C:C,E30,'CHECKLIST DOK'!H:H,"Lengkap") -> 0 | I30: Dini Alfian S.A | L30: Dewi Susanti, M.S
C31: Terlambat | D31: =COUNTIF('MASTER PLAN'!L7:L203,"Terlambat") -> 0 | E31: Komponen 4 - Kompetensi Hasil Pembelajaran | G31: =COUNTIF('CHECKLIST DOK'!C:C,E31) -> 1 | H31: =COUNTIFS('CHECKLIST DOK'!C:C,E31,'CHECKLIST DOK'!H:H,"Lengkap") -> 0 | I31: M. Syarifuddin, S.Sos.I | L31: Hari Agusasi Pramesti, S.Pd,.M.Pd
I32: Rani Puspita Rahayu,.M.Si | L32: Ari Apriliani S.E
C34: BEBAN PIC KOM 1 ( KINERJA PENDIDIK) | F34: BEBAN PIC KOM 2 ( KEPEMIMPINAN KEPSEK) | I34: BEBAN PIC KOM 3 ( IKLIM LINGKUNGAN SEKOLAH) | L34: BEBAN PIC KOM 4 ( HASIL BELAJAR)
C35: PIC | D35: Jumlah Dokumen | E35: Lengkap | F35: PIC | G35: Jumlah Dokumen | H35: Lengkap | I35: PIC | J35: Jumlah Dokumen | K35: Lengkap | L35: PIC | M35: Jumlah Dokumen | N35: Lengkap
C36: Yulia Safitri, M.Pd | D36: =COUNTIF('CHECKLIST DOK'!G:G,C36) -> 0 | E36: =COUNTIFS('CHECKLIST DOK'!G:G,C36,'CHECKLIST DOK'!H:H,"Lengkap") -> 0 | F36: Wieka Septiyana, M. Pd | G36: =COUNTIF('CHECKLIST DOK'!G:G,F36) -> 0 | H36: =COUNTIFS('CHECKLIST DOK'!G:G,F36,'CHECKLIST DOK'!H:H,"Lengkap") -> 0 | I36: Dwi Rima Islami, S.Pd | J36: =COUNTIF('CHECKLIST DOK'!G:G,I36) -> 0 | K36: =COUNTIFS('CHECKLIST DOK'!G:G,I36,'CHECKLIST DOK'!H:H,"Lengkap") -> 0 | L36: Tika Khusnul, S.Pd | M36: =COUNTIF('CHECKLIST DOK'!G:G,L36) -> 0 | N36: =COUNTIFS('CHECKLIST DOK'!G:G,L36,'CHECKLIST DOK'!H:H,"Lengkap") -> 0
C37: Nabila Ayu Ningtiyas, S.Or | D37: =COUNTIF('CHECKLIST DOK'!G:G,C37) -> 0 | E37: =COUNTIFS('CHECKLIST DOK'!G:G,C37,'CHECKLIST DOK'!H:H,"Lengkap") -> 0 | F37: Rini susilawati, S.Pd | G37: =COUNTIF('CHECKLIST DOK'!G:G,F37) -> 0 | H37: =COUNTIFS('CHECKLIST DOK'!G:G,F37,'CHECKLIST DOK'!H:H,"Lengkap") -> 0 | I37: Evi Afidah, SE | J37: =COUNTIF('CHECKLIST DOK'!G:G,I37) -> 0 | K37: =COUNTIFS('CHECKLIST DOK'!G:G,I37,'CHECKLIST DOK'!H:H,"Lengkap") -> 0 | L37: Siti Hajrul Jamilah S.Pd,.M.Pd | M37: =COUNTIF('CHECKLIST DOK'!G:G,L37) -> 0 | N37: =COUNTIFS('CHECKLIST DOK'!G:G,L37,'CHECKLIST DOK'!H:H,"Lengkap") -> 0
C38: Shabrina Aulia, S.IA | D38: =COUNTIF('CHECKLIST DOK'!G:G,C38) -> 0 | E38: =COUNTIFS('CHECKLIST DOK'!G:G,C38,'CHECKLIST DOK'!H:H,"Lengkap") -> 0 | F38: Syaza Syahana, S.Pd.,M.Pd. | G38: =COUNTIF('CHECKLIST DOK'!G:G,F38) -> 0 | H38: =COUNTIFS('CHECKLIST DOK'!G:G,F38,'CHECKLIST DOK'!H:H,"Lengkap") -> 0 | I38: Hanin Nitiani, S.Pd. | J38: =COUNTIF('CHECKLIST DOK'!G:G,I38) -> 0 | K38: =COUNTIFS('CHECKLIST DOK'!G:G,I38,'CHECKLIST DOK'!H:H,"Lengkap") -> 0 | L38: Nurul Hidayah S.Ag | M38: =COUNTIF('CHECKLIST DOK'!G:G,L38) -> 0 | N38: =COUNTIFS('CHECKLIST DOK'!G:G,L38,'CHECKLIST DOK'!H:H,"Lengkap") -> 0
C39: Sarah AlFira S.Ag | D39: =COUNTIF('CHECKLIST DOK'!G:G,C39) -> 0 | E39: =COUNTIFS('CHECKLIST DOK'!G:G,C39,'CHECKLIST DOK'!H:H,"Lengkap") -> 0 | F39: Siti Nur Uswatun Hasanah S.Ag | G39: =COUNTIF('CHECKLIST DOK'!G:G,F39) -> 0 | H39: =COUNTIFS('CHECKLIST DOK'!G:G,F39,'CHECKLIST DOK'!H:H,"Lengkap") -> 0 | I39: Uswah Zilhaya, S.I.,M.Si | J39: =COUNTIF('CHECKLIST DOK'!G:G,I39) -> 0 | K39: =COUNTIFS('CHECKLIST DOK'!G:G,I39,'CHECKLIST DOK'!H:H,"Lengkap") -> 0 | L39: Teti Sunarwati S.Ag | M39: =COUNTIF('CHECKLIST DOK'!G:G,L39) -> 0 | N39: =COUNTIFS('CHECKLIST DOK'!G:G,L39,'CHECKLIST DOK'!H:H,"Lengkap") -> 0
C40: Ummu Amirah Husna S.Ag | D40: =COUNTIF('CHECKLIST DOK'!G:G,C40) -> 0 | E40: =COUNTIFS('CHECKLIST DOK'!G:G,C40,'CHECKLIST DOK'!H:H,"Lengkap") -> 0 | F40: Septi Amalia Nugroho | G40: =COUNTIF('CHECKLIST DOK'!G:G,F40) -> 0 | H40: =COUNTIFS('CHECKLIST DOK'!G:G,F40,'CHECKLIST DOK'!H:H,"Lengkap") -> 0 | I40: Dwi Imas Wisudawati S.Pd | J40: =COUNTIF('CHECKLIST DOK'!G:G,I40) -> 0 | K40: =COUNTIFS('CHECKLIST DOK'!G:G,I40,'CHECKLIST DOK'!H:H,"Lengkap") -> 0 | L40: Khuzaifah Nadia S.Pd | M40: =COUNTIF('CHECKLIST DOK'!G:G,L40) -> 0 | N40: =COUNTIFS('CHECKLIST DOK'!G:G,L40,'CHECKLIST DOK'!H:H,"Lengkap") -> 0
C41: Tazkia Rahmaadani putri S.Pd | D41: =COUNTIF('CHECKLIST DOK'!G:G,C41) -> 0 | E41: =COUNTIFS('CHECKLIST DOK'!G:G,C41,'CHECKLIST DOK'!H:H,"Lengkap") -> 0 | F41: Nabila Fikria S.Ag | G41: =COUNTIF('CHECKLIST DOK'!G:G,F41) -> 0 | H41: =COUNTIFS('CHECKLIST DOK'!G:G,F41,'CHECKLIST DOK'!H:H,"Lengkap") -> 0 | I41: Adipa Firyal. | J41: =COUNTIF('CHECKLIST DOK'!G:G,I41) -> 0 | K41: =COUNTIFS('CHECKLIST DOK'!G:G,I41,'CHECKLIST DOK'!H:H,"Lengkap") -> 0 | L41: Muthia Dwi Haryanti, M.Pd | M41: =COUNTIF('CHECKLIST DOK'!G:G,L41) -> 0 | N41: =COUNTIFS('CHECKLIST DOK'!G:G,L41,'CHECKLIST DOK'!H:H,"Lengkap") -> 0
F42: Riska Amelia, M.Si | I42: Siva Tuni Kartina | J42: =COUNTIF('CHECKLIST DOK'!G:G,I42) -> 0 | K42: =COUNTIFS('CHECKLIST DOK'!G:G,I42,'CHECKLIST DOK'!H:H,"Lengkap") -> 0

Sheet MASTER PLAN
B4: MASTER PLAN & MONITORING PERSIAPAN AKREDITASI SMP (MEI–NOVEMBER 2026)
B5: Kolom kuning diisi saat monitoring; Progress (%) diisi dalam format persen. Contoh: 25% atau 0.25.
B6: No | C6: Fokus Area | D6: Kegiatan | E6: Mulai (Periode) | F6: Selesai (Periode) | G6: Tanggal Mulai | H6: Tanggal Selesai | I6: PIC | J6: Output/Target | K6: Indikator Monitoring | L6: Status | M6: Progress (%) | N6: Kendala | O6: Tindak Lanjut | P6: Bukti/Dokumen | Q6: Prioritas
B7: 1 | C7: Manajemen | D7: Pembentukan SK Tim Akreditasi | E7: Mei M1 | F7: Mei M1 | G7: 46143 | H7: 46149 | J7: SK Tim Akreditasi terbit | K7: SK ditandatangani dan dibagikan | L7: Berjalan | M7: 0.5 | Q7: Tinggi
B8: 2 | C8: Manajemen | D8: Rapat koordinasi awal dan sosialisasi instrumen | E8: Mei M1 | F8: Mei M2 | G8: 46143 | H8: 46156 | J8: Notulen rapat dan daftar hadir | K8: Seluruh tim memahami alur kerja | L8: Belum Mulai | M8: 0 | Q8: Tinggi
B9: 3 | C9: Manajemen | D9: Pembagian tugas per komponen dan butir | E9: Mei M2 | F9: Mei M2 | G9: 46150 | H9: 46156 | J9: SK/Pembagian tugas rinci | K9: PIC per komponen terpetakan | L9: Belum Mulai | M9: 0 | Q9: Tinggi
B10: 4 | C10: Manajemen | D10: Pemetaan gap mutu dan kebutuhan bukti fisik | E10: Mei M2 | F10: Mei M3 | G10: 46150 | H10: 46163 | J10: Peta gap dan daftar kebutuhan | K10: Ada prioritas perbaikan yang jelas | L10: Belum Mulai | M10: 0 | Q10: Tinggi
B11: 5 | C11: Manajemen | D11: Pembuatan folder digital dan standar penamaan dokumen | E11: Mei M3 | F11: Mei M3 | G11: 46157 | H11: 46163 | J11: Folder cloud/drive tertata | K11: Setiap dokumen punya kode/nama seragam | L11: Belum Mulai | M11: 0 | Q11: Sedang
B12: 6 | C12: Dokumen | D12: Penyusunan ceklis dokumen akreditasi | E12: Mei M4 | F12: Mei M5 | G12: 46164 | H12: 46173 | J12: Ceklis dokumen per komponen | K12: Ceklis siap dipakai monitoring | L12: Belum Mulai | M12: 0 | Q12: Tinggi
B13: 7 | C13: Dokumen | D13: Inventarisasi dokumen kurikulum dan pembelajaran | E13: Juni M1 | F13: Juni M2 | G13: 46174 | H13: 46187 | J13: Dokumen kurikulum terhimpun | K13: Kurikulum, CP, ATP, modul ajar tersedia | L13: Belum Mulai | M13: 0 | Q13: Tinggi
B14: 8 | C14: Dokumen | D14: Inventarisasi dokumen PTK, siswa, sarpras, dan keuangan | E14: Juni M1 | F14: Juni M2 | G14: 46174 | H14: 46187 | J14: Arsip data utama terhimpun | K14: Data pokok sekolah lengkap | L14: Belum Mulai | M14: 0 | Q14: Tinggi
B15: 9 | C15: Dokumen | D15: Verifikasi legalitas dokumen, izin, dan SK | E15: Juni M3 | F15: Juni M3 | G15: 46188 | H15: 46194 | J15: Berkas legalitas valid | K15: Tidak ada dokumen legal yang kedaluwarsa | L15: Belum Mulai | M15: 0 | Q15: Tinggi
B16: 10 | C16: Dokumen | D16: Digitalisasi dokumen utama dan backup | E16: Juni M3 | F16: Juni M4 | G16: 46188 | H16: 46201 | J16: Scan dokumen dan backup | K16: Softcopy dapat diakses cepat | L16: Belum Mulai | M16: 0 | Q16: Tinggi
B17: 11 | C17: Dokumen | D17: Pengumpulan bukti prestasi, kemitraan, dan publikasi | E17: Juni M4 | F17: Juni M5 | G17: 46195 | H17: 46203 | J17: Portofolio prestasi dan kerja sama | K17: Bukti dukung eksternal lengkap | L17: Belum Mulai | M17: 0 | Q17: Tinggi
B18: 12 | C18: Dokumen | D18: Pembaruan modul ajar dan perangkat asesmen | E18: Juli M1 | F18: Juli M2 | G18: 46204 | H18: 46217 | J18: Perangkat ajar semester berjalan | K18: Perangkat ajar siap pakai | L18: Belum Mulai | M18: 0 | Q18: Tinggi
... B37: 31 | C37: Visitasi | D37: Tindak lanjut pascavisitasi dan arsip akhir | E37: November M4 | F37: November M5 | G37: 46348 | H37: 46356 | J37: Berita acara dan arsip final | K37: Dokumen akhir tersimpan rapi | L37: Belum Mulai | M37: 0 | Q37: Tinggi

Sheet TIMELINE WEEK
B4: TIMELINE MINGGUAN PERSIAPAN AKREDITASI SMP AL-WILDAN ISLAMIC SCHOOL 1 2026
B5: Isi Status Mingguan, Progress, Kendala, dan Tindak Lanjut saat rapat monitoring mingguan.
B6: No | C6: Bulan | D6: Minggu | E6: Periode | F6: Fokus Mingguan | G6: Target Output Mingguan | H6: PIC Utama | I6: Status Mingguan | J6: Progress (%) | K6: Kendala | L6: Tindak Lanjut
B7: 1 | C7: Mei | D7: Minggu 1 | E7: 01-07 Mei 2026 | F7: • Pembentukan SK Tim Akreditasi • Rapat koordinasi awal dan sosialisasi instrumen | G7: • SK Tim Akreditasi terbit • Notulen rapat dan daftar hadir | I7: Belum Mulai | J7: 0
B8: 2 | C8: Mei | D8: Minggu 2 | E8: 08-14 Mei 2026 | F8: • Rapat koordinasi awal dan sosialisasi instrumen • Pembagian tugas per komponen dan butir • Pemetaan gap mutu dan kebutuhan bukti fisik | G8: • Notulen rapat dan daftar hadir • SK/Pembagian tugas rinci • Peta gap dan daftar kebutuhan | I8: Belum Mulai | J8: 0
B9: 3 | C9: Mei | D9: Minggu 3 | E9: 15-21 Mei 2026 | F9: • Pemetaan gap mutu dan kebutuhan bukti fisik • Pembuatan folder digital dan standar penamaan dokumen | G9: • Peta gap dan daftar kebutuhan • Folder cloud/drive tertata | I9: Belum Mulai | J9: 0
B10: 4 | C10: Mei | D10: Minggu 4 | E10: 22-28 Mei 2026 | F10: • Penyusunan ceklis dokumen akreditasi | G10: • Ceklis dokumen per komponen | I10: Belum Mulai | J10: 0
B11: 5 | C11: Mei | D11: Minggu 5 | E11: 29-31 Mei 2026 | F11: • Penyusunan ceklis dokumen akreditasi | G11: • Ceklis dokumen per komponen | I11: Belum Mulai | J11: 0
B12: 6 | C12: Juni | D12: Minggu 1 | E12: 01-07 Juni 2026 | F12: • Inventarisasi dokumen kurikulum dan pembelajaran • Inventarisasi dokumen PTK, siswa, sarpras, dan keuangan | G12: • Dokumen kurikulum terhimpun • Arsip data utama terhimpun | I12: Belum Mulai | J12: 0
B13: 7 | C13: Juni | D13: Minggu 2 | E13: 08-14 Juni 2026 | F13: • Inventarisasi dokumen kurikulum dan pembelajaran • Inventarisasi dokumen PTK, siswa, sarpras, dan keuangan | G13: • Dokumen kurikulum terhimpun • Arsip data utama terhimpun | I13: Belum Mulai | J13: 0
B14: 8 | C14: Juni | D14: Minggu 3 | E14: 15-21 Juni 2026 | F14: • Verifikasi legalitas dokumen, izin, dan SK • Digitalisasi dokumen utama dan backup | G14: • Berkas legalitas valid • Scan dokumen dan backup | I14: Belum Mulai | J14: 0
B15: 9 | C15: Juni | D15: Minggu 4 | E15: 22-28 Juni 2026 | F15: • Digitalisasi dokumen utama dan backup • Pengumpulan bukti prestasi, kemitraan, dan publikasi | G15: • Scan dokumen dan backup • Portofolio prestasi dan kerja sama | I15: Belum Mulai | J15: 0
B16: 10 | C16: Juni | D16: Minggu 5 | E16: 29-30 Juni 2026 | F16: • Pengumpulan bukti prestasi, kemitraan, dan publikasi | G16: • Portofolio prestasi dan kerja sama | I16: Belum Mulai | J16: 0
B17: 11 | C17: Juli | D17: Minggu 1 | E17: 01-07 Juli 2026 | F17: • Pembaruan modul ajar dan perangkat asesmen • Pembaruan kalender pendidikan, prota, promes, jurnal | G17: • Perangkat ajar semester berjalan • Administrasi akademik lengkap | I17: Belum Mulai | J17: 0
B18: 12 | C18: Juli | D18: Minggu 2 | E18: 08-14 Juli 2026 | F18: • Pembaruan modul ajar dan perangkat asesmen • Pembaruan kalender pendidikan, prota, promes, jurnal • Penyempurnaan RKJM, RKS, dan RKAS | G18: • Perangkat ajar semester berjalan • Administrasi akademik lengkap • Dokumen perencanaan mutakhir | I18: Belum Mulai | J18: 0
... B41: 35 | C41: November | D41: Minggu 5 | E41: 29-30 November 2026 | F41: • Tindak lanjut pascavisitasi dan arsip akhir | G41: • Berita acara dan arsip final | I41: Belum Mulai | J41: 0

Sheet JURNAL KOORD
B5: Tanggal | C5: Waktu | D5: Nama KOR | E5: Tema Jurnal | F5: Kegiatan Dilakukan | G5: Progress | H5: Status Jurnal | I5: Keterangan | J5: Tindak Lanjut Kepsek

Sheet JURNAL KOMP
B5: Tanggal | C5: Waktu | D5: Nama KOR | E5: Tema Jurnal | F5: Kegiatan Dilakukan | G5: Progress | H5: Status Jurnal | I5: Keterangan | J5: Tindak Lanjut Kepsek

Sheet CHECKLIST DOK
B4: CHECKLIST DOKUMEN AKREDITASI PER/KOMPONEN
B5: Checklist ini disarikan dari file bukti dukung indikator akreditasi yang Anda unggah.
B7: No | C7: Komponen | D7: Butir | E7: Indikator Ringkas | F7: Checklist Dokumen/Bukti Dukung | G7: PIC | H7: Status Dokumen | I7: Kelengkapan | J7: Tgl Update | K7: Catatan Monitoring | L7: Link/Lokasi Arsip | M7: Prioritas
B8: 1 | C8: Komponen 1 - Kinerja Pendidik | D8: Butir 1 | E8: Interaksi setara & saling menghargai | F8: RPP/KSP; dokumen pembelajaran kelas; catatan observasi; wawancara guru/siswa | H8: Belum Ada | I8: 0% | M8: Tinggi
B9: 2 | C9: Komponen 1 - Kinerja Pendidik | D9: Butir 1 | E9: Perhatian bagi siswa yang butuh dukungan khusus | F9: KSP; RPP berdiferensiasi; jurnal guru; dokumen observasi; dokumen pembelajaran | H9: Belum Ada | I9: 0% | M9: Tinggi
B10: 3 | C10: Komponen 1 - Kinerja Pendidik | D10: Butir 1 | E10: Pengembangan keterampilan sosial emosional | F10: KSP; RPP memuat PSE/teknik STOP; hasil karya siswa/rapor; jurnal guru | H10: Belum Ada | I10: 0% | M10: Tinggi
B11: 4 | C11: Komponen 1 - Kinerja Pendidik | D11: Butir 1 | E11: Umpan balik konstruktif | F11: Rapor siswa; hasil kerja dengan umpan balik; asesmen formatif; dokumen pembelajaran | H11: Belum Ada | I11: 0% | M11: Tinggi
B12: 5 | C12: Komponen 1 - Kinerja Pendidik | D12: Butir 2 | E12: Kesepakatan kelas partisipatif | F12: Dokumen proses penyusunan; dokumen/pajangan kesepakatan kelas | H12: Belum Ada | I12: 0% | M12: Tinggi
B13: 6 | C13: Komponen 1 - Kinerja Pendidik | D13: Butir 2 | E13: Pengelolaan tanpa tindakan agresif | F13: KSP/tata tertib/kode etik; RPP; dokumentasi foto/video pembelajaran | H13: Belum Ada | I13: 0% | M13: Tinggi
B14: 7 | C14: Komponen 1 - Kinerja Pendidik | D14: Butir 2 | E14: Disiplin positif | F14: Program pembiasaan; dokumentasi pembiasaan; dokumen pembelajaran; poster | H14: Belum Ada | I14: 0% | M14: Tinggi
B15: 8 | C15: Komponen 1 - Kinerja Pendidik | D15: Butir 2 | E15: Suasana belajar fokus aktivitas | F15: RPP fokus aktivitas belajar; dokumen proses pembelajaran | H15: Belum Ada | I15: 0% | M15: Tinggi
B16: 9 | C16: Komponen 1 - Kinerja Pendidik | D16: Butir 3 | E16: Tujuan pembelajaran selaras kurikulum | F16: RPP/modul ajar; dokumen pembelajaran sesuai kurikulum sekolah | H16: Belum Ada | I16: 0% | M16: Tinggi
B17: 10 | C17: Komponen 1 - Kinerja Pendidik | D17: Butir 3 | E17: Asesmen beragam | F17: RPP asesmen awal-formatif-sumatif; 3 contoh asesmen; hasil karya siswa | H17: Belum Ada | I17: 0% | M17: Tinggi
B18: 11 | C18: Komponen 1 - Kinerja Pendidik | D18: Butir 3 | E18: Hasil asesmen untuk kebutuhan belajar | F18: Daftar nilai/rapor; instrumen asesmen; dokumen hasil asesmen | H18: Belum Ada | I18: 0% | M18: Tinggi
B19: 12 | C19: Komponen 1 - Kinerja Pendidik | D19: Butir 3 | E19: Asesmen sebagai dasar rancangan pembelajaran | F19: Dokumen asesmen awal/kesiapan belajar; RPP berdiferensiasi | H19: Belum Ada | I19: 0% | M19: Tinggi
... B59: 52 | C59: Komponen 3 - Iklim Lingkungan Belajar | D59: Butir 13 | E59: P3K | F59: Dokumen pelatihan P3K; perlengkapan/dokumentasi P3K | H59: Belum Ada | I59: 0% | M59: Tinggi
B60: 53 | C60: Komponen 3 - Iklim Lingkungan Belajar | D60: Butir 13 | E60: Simulasi evakuasi bencana | F60: Dokumentasi simulasi; jadwal simulasi evakuasi | H60: Proses | I60: 0.5 | M60: Tinggi
B61: 54 | C61: Komponen 3 - Iklim Lingkungan Belajar | D61: Butir 14 | E61: Program kebugaran | F61: Program kebugaran; dokumentasi senam/ekstra olahraga | H61: Belum Ada | I61: 0% | M61: Tinggi
B62: 55 | C62: Komponen 3 - Iklim Lingkungan Belajar | D62: Butir 14 | E62: Layanan UKS/faskes | F62: Dokumen kerja sama faskes; dokumen layanan UKS; akses ke faskes | H62: Belum Ada | I62: 0% | M62: Tinggi
B63: 56 | C63: Komponen 3 - Iklim Lingkungan Belajar | D63: Butir 14 | E63: Pilihan makanan sehat | F63: Dokumen pertemuan wali murid; poster makanan sehat; kebijakan kantin sehat | H63: Belum Ada | I63: 0% | M63: Tinggi
B64: 57 | C64: Komponen 3 - Iklim Lingkungan Belajar | D64: Butir 14 | E64: Program kesehatan mental | F64: Dokumentasi program kesehatan mental; materi pembelajaran/bimbingan | H64: Belum Ada | I64: 0% | M64: Tinggi
B65: 58 | C65: Komponen 3 - Iklim Lingkungan Belajar | D65: Butir 14 | E65: Kesempatan istirahat & bergerak aktif | F65: Dokumen jadwal pelajaran; sarana istirahat dan bermain | H65: Belum Ada | I65: 0% | M65: Tinggi
B66: 59 | C66: Komponen 3 - Iklim Lingkungan Belajar | D66: Butir 14 | E66: Edukasi kesehatan reproduksi & pencegahan adiksi | F66: Dokumentasi edukasi kesehatan reproduksi; dokumentasi pencegahan adiksi | H66: Belum Ada | I66: 0% | M66: Tinggi
B67: 60 | C67: Komponen 4 - Kompetensi Hasil Pembelajaran | D67: Komponen 4 | E67: Hasil analisis asesmen nasional & capaian lulusan | F67: Rapor pendidikan/hasil AN; analisis hasil belajar sekolah; portofolio/prestasi siswa; rekap tindak lanjut mutu lulusan | H67: Belum Ada | I67: 0% | M67: Tinggi

Sheet Chart
B5: GANTT CHART PERSIAPAN AKREDITASI SMP (MEI–NOVEMBER 2026)
B7: Total Kegiatan | C7: =COUNTA('MASTER PLAN'!D7:D203) -> 31 | E7: Legenda Warna
B8: Selesai | C8: =COUNTIF('MASTER PLAN'!L7:L203,"Selesai") -> 0 | E8: Manajemen | G8: Implementasi
B9: Berjalan | C9: =COUNTIF('MASTER PLAN'!L7:L203,"Berjalan") -> 1 | E9: Dokumen | G9: Simulasi
B10: Belum Mulai | C10: =COUNTIF('MASTER PLAN'!L7:L203,"Belum Mulai") -> 30 | E10: SPMI | G10: Visitasi
B11: Terlambat | C11: =COUNTIF('MASTER PLAN'!L7:L203,"Terlambat") -> 0
B12: Rata-rata Progress | C12: =AVERAGE('MASTER PLAN'!M7:M203) -> 0.016129032
H14: Mei | M14: Juni | R14: Juli | W14: Agustus | AB14: September | AG14: Oktober | AL14: November
B15: No | C15: Fokus Area | D15: Kegiatan | E15: PIC | F15: Status | G15: Progress (%) | H15: M1 | I15: M2 | J15: M3 | K15: M4 | L15: M5 | M15: M1 | N15: M2 | O15: M3 | P15: M4 | Q15: M5 | R15: M1 | S15: M2 | T15: M3 | U15: M4 | V15: M5 | W15: M1 | X15: M2 | Y15: M3 | Z15: M4 | AA15: M5 | AB15: M1 | AC15: M2 | AD15: M3 | AE15: M4 | AF15: M5 | AG15: M1 | AH15: M2 | AI15: M3 | AJ15: M4 | AK15: M5 | AL15: M1 | AM15: M2 | AN15: M3 | AO15: M4 | AP15: M5
B16: 1 | C16: Manajemen | D16: Pembentukan SK Tim Akreditasi | E16: Kepala Sekolah | F16: ='MASTER PLAN'!L7 -> Berjalan | G16: ='MASTER PLAN'!M7 -> 0.5
B17: 2 | C17: Manajemen | D17: Rapat koordinasi awal dan sosialisasi instrumen | E17: Kepala Sekolah, Ketua Tim | F17: ='MASTER PLAN'!L8 -> Belum Mulai | G17: ='MASTER PLAN'!M8 -> 0
B18: 3 | C18: Manajemen | D18: Pembagian tugas per komponen dan butir | E18: Ketua Tim | F18: ='MASTER PLAN'!L9 -> Belum Mulai | G18: ='MASTER PLAN'!M9 -> 0
B19: 4 | C19: Manajemen | D19: Pemetaan gap mutu dan kebutuhan bukti fisik | E19: Ketua Tim, Koordinator Standar | F19: ='MASTER PLAN'!L10 -> Belum Mulai | G19: ='MASTER PLAN'!M10 -> 0
B20: 5 | C20: Manajemen | D20: Pembuatan folder digital dan standar penamaan dokumen | E20: Admin Dokumen | F20: ='MASTER PLAN'!L11 -> Belum Mulai | G20: ='MASTER PLAN'!M11 -> 0
B21: 6 | C21: Dokumen | D21: Penyusunan ceklis dokumen akreditasi | E21: Sekretaris Tim | F21: ='MASTER PLAN'!L12 -> Belum Mulai | G21: ='MASTER PLAN'!M12 -> 0
B22: 7 | C22: Dokumen | D22: Inventarisasi dokumen kurikulum dan pembelajaran | E22: Waka Kurikulum | F22: ='MASTER PLAN'!L13 -> Belum Mulai | G22: ='MASTER PLAN'!M13 -> 0
B23: 8 | C23: Dokumen | D23: Inventarisasi dokumen PTK, siswa, sarpras, dan keuangan | E23: TU, Bendahara, Waka Sarpras | F23: ='MASTER PLAN'!L14 -> Belum Mulai | G23: ='MASTER PLAN'!M14 -> 0
B24: 9 | C24: Dokumen | D24: Verifikasi legalitas dokumen, izin, dan SK | E24: TU Sekolah | F24: ='MASTER PLAN'!L15 -> Belum Mulai | G24: ='MASTER PLAN'!M15 -> 0
B25: 10 | C25: Dokumen | D25: Digitalisasi dokumen utama dan backup | E25: Admin Dokumen | F25: ='MASTER PLAN'!L16 -> Belum Mulai | G25: ='MASTER PLAN'!M16 -> 0
B26: 11 | C26: Dokumen | D26: Pengumpulan bukti prestasi, kemitraan, dan publikasi | E26: Kesiswaan, Humas | F26: ='MASTER PLAN'!L17 -> Belum Mulai | G26: ='MASTER PLAN'!M17 -> 0
B27: 12 | C27: Dokumen | D27: Pembaruan modul ajar dan perangkat asesmen | E27: Waka Kurikulum, Guru Mapel | F27: ='MASTER PLAN'!L18 -> Belum Mulai | G27: ='MASTER PLAN'!M18 -> 0
... B46: 31 | C46: Visitasi | D46: Tindak lanjut pascavisitasi dan arsip akhir | E46: Ketua Tim, Sekretaris | F46: ='MASTER PLAN'!L37 -> Belum Mulai | G46: ='MASTER PLAN'!M37 -> 0

Sheet Panduan
A1: PANDUAN PENGISIAN
A2: Kolom | B2: Fungsi | C2: Cara Isi | D2: Contoh | E2: Catatan | F2: PIC
A3: Status | B3: Menunjukkan posisi kegiatan | C3: Pilih dari daftar: Belum Mulai / Berjalan / Selesai / Terlambat | D3: Berjalan | E3: Gunakan konsisten | F3: Ketua Tim
A4: Progress (%) | B4: Menunjukkan kemajuan | C4: Isi dalam format persen | D4: 25% | E4: Bisa diketik 25% atau 0.25 | F4: PIC kegiatan
A5: Kendala | B5: Hambatan utama | C5: Tulis singkat dan spesifik | D5: SK belum ditandatangani | E5: Update saat rapat mingguan | F5: PIC kegiatan
A6: Tindak Lanjut | B6: Aksi perbaikan | C6: Isi langkah konkret | D6: Koordinasi ulang dengan TU | E6: Pastikan ada tenggat | F6: PIC kegiatan
A7: Bukti/Dokumen | B7: Tautan/arsip bukti | C7: Isi nama map/link/nomor arsip | D7: Map 1 / Link Drive | E7: Isi setelah bukti tersedia | F7: Admin Dokumen
A9: Tambahan Sheet Baru
A10: Checklist Dokumen | B10: Checklist bukti dukung per komponen | C10: Ubah Status Dokumen & Kelengkapan | D10: Lengkap / 75% | E10: Gunakan untuk rapat bukti fisik | F10: PIC komponen
A11: Dashboard KS | B11: Dashboard ringkas kepala sekolah | C11: Tidak perlu diisi manual | D11: Formula otomatis | E11: Pantau progres kegiatan dan dokumen | F11: Kepala Sekolah
A12: PIC Mapping | B12: Pembagian tugas PIC | C12: Sesuaikan bila ada perubahan personel | D12: Rini = Koordinator Komp.1 | E12: Boleh ditukar sesuai keputusan tim | F12: Ketua Tim

Sheet PIC Mapping
A1: PEMBAGIAN PIC TIM AKREDITASI SMP
A2: Usulan pembagian PIC per guru/staf untuk pemerataan beban kerja. Dapat disesuaikan oleh kepala sekolah/ketua tim.
A3: No | B3: Nama PIC | C3: Peran Usulan | D3: Fokus Tugas Utama | E3: Catatan
A4: 1 | C4: Koordinator Komp.1 | D4: Kinerja pendidik | E4: PIC utama + backup silang
A5: 2 | C5: Koordinator Komp.2 | D5: Kepemimpinan kepala sekolah | E5: PIC utama + backup silang
A6: 3 | C6: Koordinator Komp.3 | D6: Iklim lingkungan belajar | E6: PIC utama + backup silang
A7: 4 | C7: Koordinator Komp.4 | D7: Kompetensi lulusan | E7: PIC utama + backup silang
A8: 5 | C8: Admin Dokumen | D8: Scan/naming file | E8: PIC utama + backup silang
A9: 6 | C9: Verifikator Bukti | D9: Cek bukti dukung | E9: PIC utama + backup silang
A10: 7 | C10: Monitoring Timeline | D10: Update progres mingguan | E10: PIC utama + backup silang
A11: 8 | C11: Dokumentasi | D11: Foto/video/link arsip | E11: PIC utama + backup silang
A12: 9 | C12: Simulasi Wawancara | D12: Latihan visitasi | E12: PIC utama + backup silang
A13: 10 | C13: Data & Dashboard | D13: Rekap dashboard otomatis | E13: PIC utama + backup silang
A14: 11 | C14: Sarpras & Lingkungan | D14: Inventaris sarpras, UKS, P3K | E14: PIC utama + backup silang
A15: 12 | C15: Kurikulum & Pembelajaran | D15: KOSP/RPP/asesmen | E15: PIC utama + backup silang
... A18: 15 | C18: Sekretariat Arsip | D18: Notulen/BA/daftar hadir | E18: PIC utama + backup silang
